Workbook

Sheet Assumptions
A1: VALMO RTO COST MODEL — ASSUMPTIONS & INPUTS
A2: Blue text = input you can edit. Black = calculated in this sheet. Yellow fill = key lever. Every input is sourced in column C.
A4: 1. Volume & Payment Mix
A5: Total orders (period) | B5: 2830000000 | C5: Source: Meesho Q1 FY27 filing, LTM (as cited in Round 1 deck) — swap in whatever period you want to model
A6: COD share of orders | B6: 0.8 | C6: Source: DICE case data pack (Assumptions & Data Pack)
A7: Prepaid share of orders | B7: =1-B6 -> 0.2
A9: 2. RTO Rate by Payment Type
A10: RTO rate — COD orders | B10: 0.2 | C10: Source: DICE case data pack
A11: RTO rate — Prepaid orders | B11: 0.05 | C11: Source: DICE case data pack
A12: Blended RTO rate (sanity check) | B12: =B6*B10+B7*B11 -> 0.17 | C12: Should land ≈17% — matches the case pack's implied blended RTO rate
A14: 3. Cost per Order (₹)
A15: Forward logistics cost — successful delivery | B15: 50 | C15: Source: DICE case data pack
A16: Reverse logistics cost — RTO shipment (return leg only) | B16: 120 | C16: Source: DICE case data pack
A17: Total cost of one RTO order (forward + reverse) | B17: =B15+B16 -> 170 | C17: Valmo bears the cost of the failed journey 'both ways' per case pack
A19: 4. Forward Cost Breakdown by Network Node (₹)
A20: Node | B20: Cost (₹) | C20: Notes
A21: FM Hub | B21: 4 | C21: First mile pickup from seller
A22: FM Carting | B22: 2 | C22: Pickup hub → source sort centre
A23: FMSC (First Mile Sort Centre) | B23: 5 | C23: Sort & assign to line-haul route
A24: NLH (National Line Haul) | B24: 8 | C24: Long-distance transport between cities
A25: LMSC (Destination Sort Centre) | B25: 5 | C25: Re-sort into local delivery zones
A26: RLH (Regional Line Haul) | B26: 5 | C26: Destination hub → local delivery hub
A27: LMDC (Last Mile Delivery) | B27: 21 | C27: Rider delivery to doorstep — most expensive single node
A28: Total (should equal Forward cost above) | B28: =SUM(B21:B27) -> 50
A29: Check | B29: =IF(B28=B15,"OK — matches forward cost","MISMATCH — review") -> OK — matches forward cost
A31: 5. Distance Mix (ASSUMPTION — refine with your own GPS/hub data)
A32: Distance from hub | B32: Share of order volume | C32: RTO rate
A33: Nearby (~2 km) | B33: 0.5 | C33: 0.15
A34: Moderate (~5 km) | B34: 0.3 | C34: 0.17
A35: Far (~10 km+) | B35: 0.2 | C35: 0.22
A36: Check: shares sum to 100% | B36: =SUM(B33:B35) -> 1
A37: Weighted RTO rate implied by this distance mix | B37: =SUMPRODUCT(B33:B35,C33:C35) -> 0.17

Sheet Cost Model
A1: VALMO RTO COST MODEL — SCALED COST OF RTO
A2: Green text = pulled from the Assumptions sheet. Change any input there and this sheet recalculates.
A4: Order Volume Split
A5: Total orders | B5: =Assumptions!B5 -> 2830000000
A6: COD orders | B6: =B5*Assumptions!B6 -> 2264000000
A7: Prepaid orders | B7: =B5*Assumptions!B7 -> 5.66e+08
A9: RTO & Successful Delivery Split
A10: COD — RTO orders | B10: =B6*Assumptions!B10 -> 452800000
A11: COD — Successful orders | B11: =B6-B10 -> 1811200000
A12: Prepaid — RTO orders | B12: =B7*Assumptions!B11 -> 28300000
A13: Prepaid — Successful orders | B13: =B7-B12 -> 5.377e+08
A14: Total RTO orders | B14: =B10+B12 -> 481100000
A15: Total successful orders | B15: =B11+B13 -> 2348900000
A16: Overall RTO rate (sanity check vs. Assumptions blended rate) | B16: =B14/B5 -> 0.17
A18: Total Logistics Cost (₹)
A19: COD — successful delivery cost | B19: =B11*Assumptions!B15 -> 90560000000
A20: COD — RTO cost (forward + reverse) | B20: =B10*Assumptions!B17 -> 76976000000
A21: Prepaid — successful delivery cost | B21: =B13*Assumptions!B15 -> 2.6885e+10
A22: Prepaid — RTO cost (forward + reverse) | B22: =B12*Assumptions!B17 -> 4.811e+09
A23: TOTAL LOGISTICS COST | B23: =SUM(B19:B22) -> 199232000000
A25: What RTO Is Actually Costing You
A26: Counterfactual cost if RTO rate were zero (all orders forward-only) | B26: =B5*Assumptions!B15 -> 141500000000
A27: Pure RTO 'waste' — incremental cost caused by RTO alone | B27: =B23-B26 -> 57732000000
A28: RTO waste as % of total logistics cost | B28: =B27/B23 -> 0.28977273
A29: Blended cost per order — actual | B29: =B23/B5 -> 70.4
A30: Blended cost per order — if zero RTO | B30: =B26/B5 -> 50
A32: COD vs. Prepaid: Who Actually Drives the Cost
A33: COD share of order volume | B33: =B6/B5 -> 0.8
A34: COD share of total RTO orders | B34: =B10/B14 -> 0.94117647
A35: COD share of total logistics cost | B35: =(B19+B20)/B23 -> 0.84090909
A36: COD share of RTO-only cost (forward+reverse spent on RTO orders) | B36: =B20/(B20+B22) -> 0.94117647

Sheet Node Breakdown
A1: WHERE THE ₹50 FORWARD COST ACTUALLY GOES
A2: Green text = pulled from Assumptions sheet node table.
A4: Node | B4: Cost (₹) | C4: % of forward cost
A5: FM Hub | B5: =Assumptions!B21 -> 4 | C5: =B5/Assumptions!B28 -> 0.08
A6: FM Carting | B6: =Assumptions!B22 -> 2 | C6: =B6/Assumptions!B28 -> 0.04
A7: FMSC (First Mile Sort Centre) | B7: =Assumptions!B23 -> 5 | C7: =B7/Assumptions!B28 -> 0.1
A8: NLH (National Line Haul) | B8: =Assumptions!B24 -> 8 | C8: =B8/Assumptions!B28 -> 0.16
A9: LMSC (Destination Sort Centre) | B9: =Assumptions!B25 -> 5 | C9: =B9/Assumptions!B28 -> 0.1
A10: RLH (Regional Line Haul) | B10: =Assumptions!B26 -> 5 | C10: =B10/Assumptions!B28 -> 0.1
A11: LMDC (Last Mile Delivery) | B11: =Assumptions!B27 -> 21 | C11: =B11/Assumptions!B28 -> 0.42
A12: Total | B12: =SUM(B5:B11) -> 50 | C12: =SUM(C5:C11) -> 1
A14: Single largest node | B14: =INDEX(A5:A11,MATCH(MAX(B5:B11),B5:B11,0)) -> LMDC (Last Mile Delivery)
A15: Its share of forward cost | B15: =MAX(B5:B11)/Assumptions!B28 -> 0.42
A17: Reading: LMDC (last mile delivery) alone is ~42% of the forward cost of every order — by far the single biggest node. That's consistent with last-mile being the most execution-heavy stage (navigation, multiple drop-offs, individual rider judgment) and explains why last-mile-focused fixes (address confidence, rider incentives, verified attempts) have the largest cost leverage per rupee spent.

Sheet Scenario Planner
A1: SCENARIO PLANNER — WHAT YOUR FIX IS WORTH IN ₹
A2: Edit the blue target rates below to model any intervention (COD intent check, address confidence score, verified-attempt protocol, etc.)
A4: 1. Set Your Targets
A5: Target COD RTO rate (after fix) | B5: 0.15
A6: Target Prepaid RTO rate (after fix) | B6: 0.04
A7: % of avoided RTOs achieved via PRE-DISPATCH prevention (vs. post-attempt recovery) | B7: 0.3 | C7: Pre-dispatch prevention (e.g. converting risky COD to prepaid before shipping) saves the full forward+reverse cost. Post-attempt recovery (e.g. rescheduling a failed attempt) saves only the reverse leg, since the forward trip is already sunk.
A9: 2. Orders Avoided
A10: Current COD RTO orders | B10: ='Cost Model'!B10 -> 452800000
A11: New COD RTO orders at target rate | B11: ='Cost Model'!B6*B5 -> 339600000
A12: COD RTO orders avoided | B12: =B10-B11 -> 113200000
A13: Current Prepaid RTO orders | B13: ='Cost Model'!B12 -> 28300000
A14: New Prepaid RTO orders at target rate | B14: ='Cost Model'!B7*B6 -> 22640000
A15: Prepaid RTO orders avoided | B15: =B13-B14 -> 5660000
A16: TOTAL RTO orders avoided | B16: =B12+B15 -> 118860000
A18: 3. Savings
A19: Savings per avoided RTO (blended: prevention + recovery mix) | B19: =B7*Assumptions!B17+(1-B7)*Assumptions!B16 -> 135
A20: TOTAL SAVINGS at full scale (entire order volume in Assumptions) | B20: =B16*B19 -> 16046100000
A21: Savings as % of current total logistics cost | B21: =B20/'Cost Model'!B23 -> 0.080539773
A23: 4. Your 30-Day Pilot, Sized in ₹
A24: Pilot scope — % of total order volume (e.g. 2 cities / 10-20 LMDCs) | B24: 0.03
A25: Pilot-scale RTO orders avoided | B25: =B16*B24 -> 3565800
A26: Pilot-scale savings (30-90 day test) | B26: =B20*B24 -> 481383000
